z,abs_crossline,gt_4_mean_y,gt_4_median_y,gt_4_std_y,gt_4_n,pred_4_mean_y,pred_4_median_y,pred_4_std_y,pred_4_n,gt_5_mean_y,gt_5_median_y,gt_5_std_y,gt_5_n,pred_5_mean_y,pred_5_median_y,pred_5_std_y,pred_5_n,gt_6_mean_y,gt_6_median_y,gt_6_std_y,gt_6_n,pred_6_mean_y,pred_6_median_y,pred_6_std_y,pred_6_n
0,809,133.18519347,133.00000000,8.74688591,13413,153.45830179,144.00000000,27.06509317,15852,175.55199822,174.00000000,20.04106448,40386,198.42689300,197.00000000,28.93601880,50898,250.69130985,250.00000000,31.05380724,58434,249.69957502,261.00000000,41.33157956,36708
1,810,132.53056438,133.00000000,6.42502856,13218,155.21016541,144.00000000,28.59904587,16625,175.51550512,174.00000000,20.12813279,40535,198.25543336,197.00000000,28.85179731,49555,250.50154295,250.00000000,31.39866383,58330,248.75152560,261.00000000,41.73951683,37690
2,811,132.77775266,133.00000000,7.69622396,13269,155.63205627,144.00000000,29.21367496,16209,175.42664059,174.00000000,20.16927268,40397,197.86216721,196.00000000,28.83951273,49843,249.58310505,250.00000000,29.89417982,58041,249.04221790,261.00000000,41.63260060,37567
3,812,132.40616713,132.00000000,6.43847921,13199,155.53432990,144.00000000,29.68981452,15453,175.37074039,174.00000000,20.22704590,40438,197.35179923,196.00000000,28.89868563,50327,248.72962610,249.00000000,28.88403529,57635,248.61167794,261.00000000,42.22145237,37832
4,813,132.34702539,132.00000000,6.44363424,13195,155.54973380,144.00000000,29.83907234,15402,175.29431869,174.00000000,20.26880648,40378,197.16349923,196.00000000,28.94394108,50514,248.50254996,249.00000000,28.91662026,57648,249.06236216,261.00000000,41.74589782,37635
5,814,132.26372125,132.00000000,6.45582383,13173,155.38400000,144.00000000,29.88631211,15125,175.18410747,174.00000000,20.32923287,40346,196.96651970,195.00000000,29.00030476,50806,248.25960171,249.00000000,28.94993029,57646,249.14982439,261.00000000,41.66899270,37584
6,815,132.19853781,132.00000000,6.46362859,13131,155.01806824,143.00000000,29.80338596,14888,175.06334202,173.00000000,20.38442921,40305,196.78376473,195.00000000,29.08093912,51074,248.04398080,249.00000000,28.98992817,57707,249.27175589,261.00000000,41.52819811,37622
7,816,132.15201283,132.00000000,6.46543193,13091,154.56049130,143.00000000,29.65751985,14655,174.97908334,173.00000000,20.44386505,40255,196.62427757,195.00000000,29.14607247,51389,247.81153220,249.00000000,29.03897380,57734,249.31317529,261.00000000,41.52057084,37669
8,817,132.11080417,132.00000000,6.47044325,13032,154.26031028,143.00000000,29.10826228,15470,174.86335157,173.00000000,20.50552495,40220,196.85500263,195.00000000,28.93631500,51263,247.61818339,248.00000000,29.08730347,57800,252.35880926,263.00000000,38.69234314,35877
9,818,132.35374828,132.00000000,7.80486200,13046,154.61939825,144.00000000,29.36572727,15754,174.70141400,173.00000000,20.55073059,40099,196.57470694,195.00000000,28.63637594,50417,247.40563560,248.00000000,29.15715490,57882,252.17093523,262.00000000,38.75719663,36312
10,819,131.96638525,132.00000000,6.46158678,12911,154.55052020,144.00000000,29.26371507,15667,174.59693572,173.00000000,20.61583013,40140,196.43286788,195.00000000,28.61274996,50274,247.21741755,248.00000000,29.22920917,57976,252.16571005,262.00000000,38.70894746,36413
11,820,131.89864394,132.00000000,6.49386458,12905,154.17656332,143.00000000,29.12949394,15224,174.48442414,173.00000000,20.66421011,40062,196.16433116,194.00000000,28.67190788,50453,246.95693400,248.00000000,29.29328569,58004,251.62008710,262.00000000,39.28194125,36740
12,821,131.87073720,132.00000000,6.52512433,12873,154.13924218,143.00000000,29.14614614,15096,174.36676920,173.00000000,20.71405616,39987,195.88611238,194.00000000,28.63470796,50383,246.73019427,248.00000000,29.35064405,58064,251.53107421,262.00000000,39.35002232,36799
13,822,131.80829701,132.00000000,6.56486954,12848,154.24885130,143.00000000,29.06611862,15017,174.24563513,173.00000000,20.77403221,39921,195.83385474,194.00000000,28.56205642,50185,246.49152659,248.00000000,29.43151789,58123,251.37686516,262.00000000,39.49662901,36793
14,823,131.74037860,131.00000000,6.58784221,12784,153.67596625,143.00000000,28.71094772,14696,174.10512204,172.00000000,20.84732203,39906,195.72608747,194.00000000,28.60110386,50392,246.42212868,247.00000000,29.80518202,58205,251.06426784,262.00000000,39.77752574,36768
15,824,131.65737769,131.00000000,6.61828897,12775,153.12695773,143.00000000,28.40178444,14430,173.98980591,172.00000000,20.89472893,39827,195.82733132,194.00000000,28.62725673,50733,245.99362225,247.00000000,29.56178680,58171,251.37936630,262.00000000,39.51622519,36358
16,825,131.55896189,131.00000000,6.63583866,12754,158.90836701,146.00000000,31.43723368,16828,173.85661460,172.00000000,20.93335101,39753,196.27993786,194.00000000,29.28218528,46989,245.75576385,247.00000000,29.64673706,58251,252.67600060,263.00000000,38.21146844,33105
17,826,131.48202230,131.00000000,6.65532311,12738,160.30527401,147.00000000,32.43913032,17463,173.74753660,172.00000000,20.96806517,39681,196.01248193,193.00000000,29.25035851,45666,245.47680049,247.00000000,29.68700247,58234,253.05473328,263.00000000,37.48007498,33106
18,827,131.41764983,131.00000000,6.68799647,12714,160.30422714,147.00000000,32.36634369,17293,173.63414942,172.00000000,21.02489450,39620,195.82072213,193.00000000,29.26042523,45449,245.23991351,247.00000000,29.77454367,58271,253.04412340,263.00000000,37.40227590,33225
19,828,131.36257494,131.00000000,6.71667531,12676,160.14949950,147.00000000,32.32199386,16883,173.51703741,172.00000000,21.06407152,39560,195.56249178,193.00000000,29.31176990,45622,245.02351428,246.00000000,29.84226858,58305,252.62926990,263.00000000,37.83921307,33461
20,829,131.28462145,131.00000000,6.76038634,12680,159.84286142,146.00000000,32.16504738,16705,173.41338064,172.00000000,21.08983929,39460,195.45219224,192.00000000,29.32581299,45547,244.76084422,246.00000000,29.93145394,58326,252.61730534,263.00000000,37.79749652,33481
21,830,131.55322835,131.00000000,8.13912983,12700,159.52114876,146.00000000,31.95606095,16644,173.23484521,172.00000000,21.12337546,39311,195.49324711,192.00000000,29.31638125,45462,244.48048831,246.00000000,29.99558434,58324,252.82773815,263.00000000,37.43648579,33362
22,831,132.09808202,131.00000000,10.16555846,12826,158.70977082,146.00000000,31.48108569,16232,173.08945711,172.00000000,21.14501677,39069,195.46294847,192.00000000,29.36157034,45990,244.18665638,246.00000000,30.08856424,58305,252.70177859,263.00000000,37.46199529,33341
23,832,132.66023315,131.00000000,11.84399509,12953,157.76813348,145.00000000,30.95455496,15703,172.92280738,171.00000000,21.14876339,38812,195.64124909,193.00000000,29.44770876,46818,243.91282720,245.00000000,30.17693969,58298,252.70649123,263.00000000,37.48556304,33137
24,833,133.43842702,131.00000000,13.58988934,13147,159.66984945,147.00000000,31.49254521,17071,172.78342343,171.00000000,21.17296692,38476,196.44986253,194.00000000,30.18187545,45465,243.63271817,245.00000000,30.29709760,58304,246.54669174,261.00000000,44.28667214,33507
25,834,135.63507213,132.00000000,17.45734602,13726,161.52840114,147.00000000,32.86547079,17869,172.50585151,171.00000000,21.15267545,37768,196.14648134,194.00000000,30.20208681,44463,243.36786400,245.00000000,30.39819676,58296,247.08750823,261.00000000,43.53304972,33414
26,835,136.62912303,132.00000000,18.96683347,14037,161.98496791,148.00000000,33.19431873,17762,172.31775601,171.00000000,21.14541738,37362,195.93721245,193.00000000,30.18141330,44340,243.13494554,245.00000000,30.49825109,58305,247.06397035,261.00000000,43.58663202,33453
27,836,136.61097938,132.00000000,19.07759734,13917,161.87132923,147.00000000,33.22766368,17401,172.16503736,171.00000000,21.19173717,37337,195.77480907,193.00000000,30.12896615,44389,242.95718152,244.50000000,30.63821947,58386,246.40487921,261.00000000,44.22489654,33694
28,837,136.28567271,132.00000000,18.81240170,13743,161.48211789,147.00000000,33.08479929,17168,172.02663030,170.00000000,21.24562497,37401,195.64640896,193.00000000,30.10812361,44444,242.70753020,244.00000000,30.69049713,58365,246.17262821,261.00000000,44.39173290,33772
29,838,135.42764819,132.00000000,17.78402811,13462,161.33493778,147.00000000,32.96636852,17036,171.97719228,170.00000000,21.31676593,37575,195.63323950,193.00000000,30.02964828,44405,242.47963150,244.00000000,30.80176461,58399,246.14531735,261.00000000,44.28804669,33795
30,839,135.35104718,131.00000000,17.82511869,13417,160.51756708,147.00000000,32.61422305,16622,171.86966136,170.00000000,21.36314067,37533,195.62254727,193.00000000,30.02785768,44848,242.29322176,244.00000000,30.90760792,58437,246.05687932,261.00000000,44.29713230,33826
31,840,134.99909869,131.00000000,17.46787001,13314,159.63942367,146.00000000,32.10751830,16310,171.77974906,170.00000000,21.40309844,37539,195.85290618,193.00000000,30.05848088,45386,242.06156557,244.00000000,30.99877644,58458,246.03617287,261.00000000,44.45361531,33644
32,841,134.67156380,131.00000000,17.08262340,13205,159.59753605,146.00000000,32.81817793,17127,171.70755295,170.00000000,21.43932539,37535,196.58723075,195.00000000,29.78049592,45265,241.85491094,244.00000000,31.10368753,58502,244.22385810,260.00000000,43.98913988,34504
33,842,133.12120263,131.00000000,14.65635267,12772,161.35350786,147.00000000,33.52899150,18373,171.71914680,170.00000000,21.50939503,37881,196.43405081,195.00000000,29.69522462,44322,241.67804803,243.00000000,31.19438105,58546,245.57701224,260.00000000,42.79304071,34079
34,843,132.10808443,130.00000000,12.85350578,12555,161.47314410,147.00000000,33.73841285,18320,171.70740497,170.00000000,21.55596911,38015,196.29913370,194.00000000,29.65867097,44211,241.45769395,243.00000000,31.31655951,58585,245.55966861,260.00000000,42.85066116,34038
35,844,131.41961765,130.00000000,11.39813546,12397,161.25585303,147.00000000,33.75811040,17854,171.67734313,170.00000000,21.59904838,38090,196.05079014,194.00000000,29.69859281,44359,241.24948369,243.00000000,31.40795788,58589,244.86883287,260.00000000,43.43348308,34315
36,845,130.36781137,130.00000000,8.52444393,12172,160.95730121,146.00000000,33.82063339,17682,171.68879125,170.00000000,21.65447114,38238,195.93074587,194.00000000,29.67323478,44445,241.06552707,243.00000000,31.51506734,58617,244.57243662,260.00000000,43.56768233,34437
37,846,130.03556329,130.00000000,7.23380423,12063,160.83982366,146.00000000,33.81385877,17693,171.67385388,170.00000000,21.68368629,38216,195.87155404,194.00000000,29.64007913,44291,240.86697365,243.00000000,31.61721965,58635,244.50527903,260.00000000,43.46036920,34476
38,847,129.96197498,130.00000000,7.27801889,12071,159.94717721,146.00000000,33.48414077,17341,171.58887898,170.00000000,21.68958194,38108,195.77778277,194.00000000,29.63710757,44542,240.65230066,242.00000000,31.70666451,58657,244.29646529,259.00000000,43.46227563,34628
39,848,129.90149007,130.00000000,7.32760347,12080,159.04232404,146.00000000,32.96209038,17177,171.52595010,170.00000000,21.69731520,37996,195.93026716,194.00000000,29.67724142,45029,240.41523459,242.00000000,31.79779517,58656,244.68885458,260.00000000,43.10561882,34328
40,849,129.86392352,130.00000000,7.33466837,12030,162.59127111,148.00000000,33.16606637,15695,171.45554793,170.00000000,21.71025534,37906,196.67330468,195.00000000,29.69504216,43738,240.68665988,242.00000000,32.76057561,58920,242.80995154,260.00000000,46.27407636,33844
41,850,129.80685695,130.00000000,7.38831697,12017,162.88432593,149.00000000,33.13161919,16875,171.38071415,170.00000000,21.71349529,37779,196.82850038,195.00000000,29.55557333,42624,240.45278923,242.00000000,32.86891513,58959,244.40769323,260.00000000,44.85907887,33432
42,851,129.77914059,130.00000000,7.39554368,11985,163.06320743,149.00000000,33.22496059,16786,171.33801545,170.00000000,21.73462347,37661,196.71961060,195.00000000,29.52181233,42630,240.45786189,242.00000000,33.43650668,59127,244.33349274,260.00000000,45.01712963,33458
43,852,129.78070028,130.00000000,7.37719515,11938,163.15362301,149.00000000,33.37329926,16202,171.27345602,170.00000000,21.73446491,37549,196.47833396,195.00000000,29.49263721,42832,239.59833127,241.00000000,32.30472780,58847,243.54217046,260.00000000,45.67611740,33827
44,853,129.82019829,130.00000000,7.31890663,11902,163.30156463,149.00000000,33.47635330,16106,171.23096447,170.00000000,21.73381600,37430,196.43159693,195.00000000,29.48130053,42732,239.44293423,241.00000000,32.43755209,58932,243.53419233,260.00000000,45.67706718,33838
45,854,130.00136472,130.00000000,7.18932913,11724,163.48411470,149.00000000,33.49055181,16147,171.18480504,170.00000000,21.73697024,37315,196.42841042,195.00000000,29.49356496,42590,239.28451124,241.00000000,32.56881200,59017,243.69713676,260.00000000,45.54843129,33738
46,855,130.06265472,130.00000000,7.13900763,11715,162.85085047,148.00000000,33.46809598,15756,171.17732957,170.00000000,21.74212098,37185,196.32145521,194.00000000,29.47601075,42908,239.37571786,241.00000000,33.17051091,59204,243.70004155,260.00000000,45.43712292,33698
47,856,130.08115719,130.00000000,7.10587176,11718,161.97505846,148.00000000,33.36151098,15396,171.07900494,170.00000000,21.67791969,37023,196.29844354,194.00000000,29.47813172,43432,238.89107671,241.00000000,32.74392290,59115,244.34486068,260.00000000,44.87505985,33341
48,857,130.05007238,130.00000000,7.10428012,11743,166.30044140,153.00000000,32.51742639,17218,171.03647540,170.00000000,21.66443690,36929,199.39940555,198.00000000,29.62472953,40037,238.76691119,241.00000000,32.81873444,59162,244.65315669,261.00000000,46.09601594,31853
49,858,130.02736699,130.00000000,7.08879350,11766,166.29604797,153.00000000,32.45101486,18345,170.99815373,170.00000000,21.64634620,36831,199.56837465,198.00000000,29.60516553,39247,238.68724162,241.00000000,32.90848875,59263,245.58541043,261.00000000,44.97507678,31735
50,859,130.01743939,130.00000000,7.07098014,11755,166.35827204,153.00000000,32.51442214,18218,170.93917043,170.00000000,21.61719363,36742,199.48039789,198.00000000,29.61081659,39307,238.61406642,240.00000000,32.97028907,59347,245.62086234,261.00000000,44.99384437,31751
51,860,129.87502113,130.00000000,7.16095027,11834,166.26614003,153.00000000,32.66744915,17596,170.89021428,170.00000000,21.58018267,36635,199.18651225,197.00000000,29.61209943,39547,238.51589732,240.00000000,33.05864484,59444,244.89287272,261.00000000,45.51863769,32102
52,861,129.80929919,130.00000000,7.16215870,11872,166.08644672,153.00000000,32.66804863,17398,170.85526928,170.00000000,21.51097353,36523,199.07181527,197.00000000,29.62304712,39713,238.41421033,240.00000000,33.08426906,59506,244.88490284,261.00000000,45.43607106,32112
53,862,129.76119906,130.00000000,7.13192317,11876,165.99066605,153.00000000,32.51417732,17356,170.83229047,170.00000000,21.46986633,36438,199.18234286,197.00000000,29.59449030,39678,238.21287187,240.00000000,33.05707363,59463,245.00255778,261.00000000,45.30314065,32059
54,863,129.69840202,130.00000000,7.16983958,11890,165.58374108,152.00000000,32.40986467,16963,170.77701421,170.00000000,21.43657730,36379,199.09130597,197.00000000,29.62275463,40085,238.38887584,240.00000000,33.49780470,59600,245.09775070,261.00000000,45.15474837,32010
55,864,129.74866672,130.00000000,7.08726365,11813,165.17250512,152.00000000,32.25849384,16614,170.72354140,169.00000000,21.40313130,36302,199.07493661,197.00000000,29.60684501,40621,238.30085158,240.00000000,33.53842908,59654,245.40116480,261.00000000,45.05717688,31765
56,865,129.80581197,130.00000000,6.96574528,11700,165.71529804,155.00000000,29.25465336,19192,170.64027349,169.00000000,21.37681050,36272,201.26005603,200.00000000,29.73170126,38907,238.05022816,240.00000000,33.13396814,59608,248.08047193,263.00000000,43.48901007,30259
57,866,129.95784808,130.00000000,6.74532727,11506,165.59222283,156.00000000,29.01458852,20033,170.55352516,169.00000000,21.35768922,36282,201.53289936,200.00000000,29.68345681,38405,238.26902269,240.00000000,33.54167181,59705,248.97489192,263.00000000,42.63444200,30070
58,867,129.88274780,130.00000000,6.73378418,11471,165.79099226,156.00000000,29.60917042,19894,170.47260161,169.00000000,21.34010525,36316,201.48376117,200.00000000,29.66869645,38488,238.04292285,240.00000000,33.07372780,59572,248.79799052,263.00000000,42.85128657,30157
59,868,129.90821341,130.00000000,6.65304998,11396,165.66079363,155.00000000,30.84118978,19354,170.43246148,169.00000000,21.31973974,36283,201.35632332,200.00000000,29.69741765,38785,238.00451289,240.00000000,33.11618529,59607,248.39403418,262.00000000,43.11243433,30373
60,869,129.86282796,130.00000000,6.61040900,11358,165.63386133,155.00000000,31.38742644,19255,170.35827977,169.00000000,21.28733573,36251,201.30574642,200.00000000,29.73301445,38859,237.96598776,240.00000000,33.14425664,59655,248.53592163,263.00000000,43.02901774,30316
61,870,129.79227224,130.00000000,6.52740172,11284,165.44565444,155.00000000,30.60328465,19192,170.26594776,169.00000000,21.26171104,36259,201.31157651,200.00000000,29.77734633,38915,237.94950324,240.00000000,33.17309451,59687,248.74219940,263.00000000,42.95562410,30190
62,871,129.60495378,129.00000000,6.40043276,11143,165.07140560,155.00000000,30.32159291,18654,170.09339828,169.00000000,21.25021323,36339,201.15248038,200.00000000,29.84590874,39369,237.92238781,240.00000000,33.19683812,59720,248.58563481,263.00000000,43.12832160,30198
63,872,129.60575372,129.00000000,6.44919416,11158,164.60326854,154.00000000,30.16975903,18418,170.05045770,169.00000000,21.22159034,36268,201.34538233,200.00000000,29.97365091,39782,237.89867805,239.00000000,33.22152269,59760,248.77983030,263.00000000,43.09412896,29936
64,873,129.53269853,129.00000000,6.38806082,11132,164.47570639,154.00000000,30.37969343,19182,169.97676342,169.00000000,21.21594978,36279,202.76875017,201.00000000,29.97491122,36973,237.97338479,240.00000000,33.28700654,59853,252.53427904,265.00000000,40.57265630,27845
65,874,129.54620492,129.00000000,6.42455913,11146,165.22296790,155.00000000,29.98958547,19967,169.95003453,168.00000000,21.20607916,36205,202.74237157,201.00000000,30.08630574,36246,237.92548410,239.00000000,33.28319295,59853,253.29369019,265.00000000,39.51033853,27798
66,875,129.47115990,129.00000000,6.35904209,11113,165.43492910,155.00000000,30.80160510,19886,169.85486408,168.00000000,21.20080665,36235,202.61157276,201.00000000,30.16106669,36223,237.87455712,239.00000000,33.26937833,59836,253.16255911,265.00000000,39.64885197,27916
67,876,129.45711466,129.00000000,6.39624083,11146,165.44961761,155.00000000,31.46200297,19352,169.81656985,168.00000000,21.17807439,36150,202.29620260,201.00000000,30.19834675,36367,237.83916072,239.00000000,33.27716882,59861,252.26134878,264.00000000,40.43433886,28307
68,877,129.45515575,129.00000000,6.41351993,11172,165.18350676,155.00000000,31.04899771,19220,169.76167927,168.00000000,21.16819074,36111,202.16760068,200.00000000,30.15502793,36402,237.79883455,239.00000000,33.31155637,59891,252.30397517,264.00000000,40.30855138,28351
69,878,129.34533595,129.00000000,6.45265290,11192,164.92721964,155.00000000,29.95695468,19181,169.65191186,168.00000000,21.15859858,36169,202.14589858,200.00000000,30.13282690,36402,237.88008959,239.00000000,33.20672116,59828,252.49906390,264.00000000,40.11177697,28309
70,879,129.30594951,129.00000000,6.45930699,11211,164.17366768,154.00000000,28.82145791,18783,169.57892268,168.00000000,21.15579816,36238,202.06149740,200.00000000,30.26364310,36717,237.99256667,239.00000000,33.08578868,59731,252.27372494,264.00000000,40.15674086,28430
71,880,129.28860737,129.00000000,6.44809740,11209,163.54768747,153.00000000,28.59544064,18443,169.68228578,168.00000000,21.44113252,36259,202.28242137,200.00000000,30.21995784,37136,237.93773563,239.00000000,33.13264299,59681,252.15677187,264.50000000,40.38690181,28264
72,881,129.25812210,129.00000000,6.45074098,11204,165.62988636,156.00000000,29.79363976,17600,169.46287170,168.00000000,21.13181277,36118,203.00602477,201.00000000,30.05273270,35520,237.86792926,239.00000000,33.18566873,59771,245.79117784,263.00000000,45.99493173,30174
73,882,129.23404826,129.00000000,6.43297767,11190,165.81409913,156.00000000,29.60893398,18682,169.38525136,168.00000000,21.11200085,36044,202.79814530,201.00000000,30.06678843,35154,237.79929124,239.00000000,33.24627393,59823,246.46524757,263.00000000,45.42359396,30113
74,883,129.19501703,129.00000000,6.41108085,11158,165.77390001,156.00000000,29.90431423,18682,169.30187630,168.00000000,21.09766404,35975,202.79434681,201.00000000,30.05192889,35166,237.70221896,239.00000000,33.30978160,59893,246.65898663,263.00000000,45.24340317,30078
75,884,129.21173815,129.00000000,6.34462837,11075,165.56258937,156.00000000,30.17628173,18182,169.21582333,168.00000000,21.08979631,35909,202.64274567,200.00000000,30.06043597,35241,237.59290146,239.00000000,33.37755189,59956,245.83036330,262.00000000,45.75671545,30471
76,885,129.16561315,129.00000000,6.36764403,11074,165.40948228,155.00000000,30.30853145,18118,169.15025965,167.00000000,21.07103410,35818,202.48158568,200.00000000,30.06901296,35190,237.48740252,239.00000000,33.44670270,60012,245.96422956,262.00000000,45.54572819,30528
77,886,129.16018803,129.00000000,6.36239224,11062,165.07461283,155.00000000,29.61390036,18080,169.07972780,167.00000000,21.04378419,35709,202.43333714,200.00000000,30.06591856,35072,237.37294993,238.00000000,33.52226089,60059,246.45580001,262.00000000,45.14686643,30362
78,887,129.12430142,129.00000000,6.35438316,11094,164.32524764,154.00000000,29.14467263,17768,169.01649803,167.00000000,20.99470430,35580,202.24124866,200.00000000,30.07410952,35366,237.23516582,238.00000000,33.58951645,60064,246.99069444,262.00000000,44.65381567,30197
79,888,129.08364028,129.00000000,6.37063221,11131,163.45227747,153.00000000,29.05127097,17717,168.94833032,167.00000000,20.96198784,35456,202.29992740,200.00000000,30.06863564,35812,237.10629443,238.00000000,33.68361468,60069,248.29491812,263.00000000,43.61973269,29615
80,889,129.15403161,129.00000000,6.49631419,11199,164.62073448,153.00000000,31.74520452,18462,168.91606450,167.00000000,20.94033941,35289,202.96311097,201.00000000,29.99905974,35783,236.98079899,238.00000000,33.78031965,60101,245.11459923,262.00000000,45.81042659,30803
81,890,129.25414755,129.00000000,6.74912275,11332,164.98926533,154.00000000,31.18848707,19097,168.90713125,167.00000000,20.92388389,35071,202.88398836,200.00000000,29.92057487,35393,236.84048315,238.00000000,33.88272229,60188,244.95884840,262.00000000,45.99932099,30983
82,891,129.71496871,129.00000000,8.21659155,11504,164.85062659,154.00000000,30.85431379,18832,168.87427010,167.00000000,20.88884338,34765,202.81305881,200.00000000,29.86386871,35455,236.71509149,238.00000000,33.98460411,60279,244.54089160,262.00000000,46.37732439,31180
83,892,129.47692843,129.00000000,7.11277888,11486,164.57607629,153.00000000,30.84182490,18350,168.88784912,167.00000000,20.88090731,34623,202.63100326,200.00000000,29.88159753,35564,236.53804501,237.00000000,34.11932005,60389,243.98372381,261.00000000,46.74776622,31457
84,893,129.54425547,129.00000000,7.24597837,11524,164.55080185,153.00000000,30.66268216,18208,168.85419025,167.00000000,20.85792958,34449,202.46260987,200.00000000,29.91313839,35611,236.39767784,237.00000000,34.21185040,60461,243.97397156,261.00000000,46.76323731,31504
85,894,129.60768235,129.00000000,7.36063974,11585,164.66933083,153.00000000,30.65367418,18142,169.18158545,168.00000000,21.45934171,34375,202.35564584,200.00000000,29.90551610,35690,236.20489945,237.00000000,34.35958657,60415,244.21700217,261.00000000,46.66233292,31396
86,895,129.63689605,129.00000000,7.45178949,11611,164.30967379,153.00000000,30.59101831,17780,169.33736908,168.00000000,21.74936510,34277,202.23844491,200.00000000,29.90213253,36088,236.05393861,237.00000000,34.49076588,60402,244.30552010,262.00000000,46.64486107,31340
87,896,129.77919411,129.00000000,7.55495508,11689,163.97697743,152.00000000,30.59567860,17548,169.67899027,168.00000000,22.32667514,34108,202.27552444,200.00000000,29.89358016,36563,235.91427483,237.00000000,34.65330851,60379,244.35959278,262.00000000,46.80738367,31138
88,897,129.89952558,129.00000000,7.67817190,11804,163.16028297,152.00000000,30.28032211,19790,169.40059672,168.00000000,21.70087001,33852,203.46543670,201.00000000,29.89346789,38104,235.83512000,237.00000000,34.68026533,60541,250.05890710,264.00000000,42.87131052,28859
89,898,130.28339607,129.00000000,8.85923117,11955,163.63123057,153.00000000,30.35354481,19942,169.50110152,168.00000000,21.96488677,33590,203.21929871,201.00000000,29.86112768,37930,235.72918181,236.00000000,34.73154788,60524,249.76856917,264.00000000,43.29900306,29067
90,899,130.02698229,129.00000000,8.01770927,12082,163.30556544,152.00000000,30.31240552,19675,169.54507695,168.00000000,21.94200977,33465,203.11475625,201.00000000,29.75012808,38072,235.69889138,236.00000000,34.79340271,60616,249.38395846,264.00000000,43.67756873,29274
91,900,130.01179941,129.00000000,8.12085207,12204,162.77162071,152.00000000,30.10590221,19183,169.69849141,168.00000000,22.22592924,33475,202.95896486,201.00000000,29.67042089,38333,235.58740716,236.00000000,34.81703778,60590,248.77875059,264.00000000,44.15452294,29582
92,901,130.08655332,129.00000000,8.21887950,12293,162.60002104,152.00000000,29.98598954,19011,168.82529517,168.00000000,20.57810523,32947,202.94978120,201.00000000,29.62305346,38392,235.60488324,236.00000000,34.81674315,61025,248.71411233,264.00000000,44.11406229,29662
93,902,130.13317152,129.00000000,8.29208302,12360,162.67969695,152.00000000,29.93410451,19007,168.82142203,168.00000000,20.55598796,32770,203.03398768,201.00000000,29.59059238,38308,235.49407283,236.00000000,34.92668849,61159,248.84376055,264.00000000,43.91779035,29634
94,903,130.21560261,129.00000000,8.37583587,12421,162.11093933,151.00000000,29.65075001,18758,168.82696795,168.00000000,20.52721899,32572,203.09062338,201.00000000,29.57803275,38500,235.36058430,236.00000000,35.04011425,61270,248.76688585,264.00000000,43.85473695,29655
95,904,130.31104162,129.00000000,8.43010511,12471,161.33666291,150.00000000,29.34067608,18621,168.81641409,168.00000000,20.49747514,32399,203.23495481,201.00000000,29.56206517,38833,235.26712719,236.00000000,35.11315301,61379,248.95896358,264.00000000,43.70115595,29486
96,905,130.39674823,129.00000000,8.50919450,12547,163.18729341,153.00000000,30.04234111,20572,168.81087118,168.00000000,20.47588393,32232,204.40745597,202.00000000,30.20913718,38895,235.24021257,236.00000000,35.19501205,61533,251.34970693,266.00000000,42.45235089,27809
97,906,130.47414890,130.00000000,8.56194604,12572,163.43618149,153.00000000,30.11471336,20762,168.82506788,168.00000000,20.43766046,32041,204.21020571,201.00000000,30.19865231,38743,235.16832085,236.00000000,35.28600116,61662,251.59325070,266.00000000,42.13725231,27914
98,907,130.61176938,130.00000000,8.55817495,12575,163.44957473,153.00000000,30.12339583,20575,168.82084170,168.00000000,20.40552978,31888,204.14585593,201.00000000,30.18215252,38730,235.09343586,236.00000000,35.34604116,61775,251.29055379,266.00000000,42.37643667,28043
99,908,130.79867309,130.00000000,8.71017432,12661,163.26556713,153.00000000,30.01418671,20251,168.86456060,168.00000000,20.38560451,31623,204.02787277,201.00000000,30.18204338,38891,234.92342102,236.00000000,35.47572124,61923,250.85248750,265.00000000,42.72482749,28201
100,909,130.98035533,130.00000000,8.84384931,12777,163.36356428,153.00000000,30.11059248,20178,168.88215241,168.00000000,20.35100824,31388,203.98071278,201.00000000,30.16513005,38834,234.82228780,236.00000000,35.53418381,62016,250.85697069,265.00000000,42.68094713,28211
101,910,131.13588226,130.00000000,8.93323401,12842,163.51824274,153.00000000,30.15421400,20145,168.88553387,168.00000000,20.32488807,31197,204.04603429,201.00000000,30.16479528,38732,234.73091413,235.00000000,35.59605801,62114,250.92984077,265.00000000,42.69941488,28136
102,911,131.39861004,130.00000000,8.98904685,12950,163.18483460,152.00000000,30.04868955,19861,168.97196926,168.00000000,20.30277636,30966,203.99457011,201.00000000,30.15113284,38859,234.58251521,235.00000000,35.64517136,62134,250.85087719,265.00000000,42.76452373,28158
103,912,131.55772171,130.00000000,9.06229047,13080,162.59586735,152.00000000,29.92337823,19600,169.02581044,168.00000000,20.26097030,30724,204.06561861,201.00000000,30.12923449,39120,234.40949669,235.00000000,35.68256522,62169,250.91271963,265.00000000,42.66887119,28059
104,913,131.70029307,130.00000000,9.11670159,12966,165.20079929,155.00000000,30.77086305,21519,169.09408134,168.00000000,20.21090612,30463,204.19237139,201.00000000,30.24204410,39247,234.26948156,235.00000000,35.74621036,62264,250.02649386,266.00000000,44.19526181,27931
105,914,131.83715507,130.00000000,9.19706876,12865,165.68095065,156.00000000,30.90763605,22006,169.30754053,169.00000000,20.30141018,30409,204.06069721,201.00000000,30.21341545,38898,234.28145349,235.00000000,35.75812263,62195,249.40800569,265.00000000,44.83463157,28105
106,915,132.09872636,131.00000000,9.35717240,12955,165.73620415,156.00000000,30.93981243,21945,169.28106390,169.00000000,20.10370718,29890,204.01702193,201.00000000,30.18172601,38891,234.65576889,235.00000000,35.62113051,61511,249.41601368,265.00000000,44.92365616,28076
107,916,132.70879538,131.00000000,10.70235706,13166,165.46929054,156.00000000,30.67176320,21622,169.26467901,169.00000000,20.05051908,29549,203.95919994,201.00000000,30.15057560,38897,235.11069965,236.00000000,35.44116756,60759,248.67869107,265.00000000,45.45581887,28359
108,917,132.83775565,131.00000000,10.73954264,13153,165.52593793,156.00000000,30.57170629,21590,169.26375460,169.00000000,20.01854112,29372,203.91351671,200.00000000,30.16548306,38863,235.13576137,236.00000000,35.42493424,60680,248.58443393,265.00000000,45.57987985,28318
109,918,132.50862265,131.00000000,9.53161121,13163,165.54073320,156.00000000,30.55462989,21604,169.38946217,169.00000000,19.97524001,29266,203.99049312,201.00000000,30.14247847,38814,235.03545353,236.00000000,35.48668206,60812,248.82282485,265.00000000,45.54888678,28136
110,919,132.62650331,131.00000000,9.57474118,13304,165.06384576,155.00000000,30.31998982,21317,169.45671570,169.00000000,19.92232571,29029,204.02368245,201.00000000,30.12331489,38974,234.89613863,236.00000000,35.56207533,60937,248.62802928,265.00000000,45.71865766,28142
111,920,132.68045028,131.00000000,9.60946749,13325,164.44470800,155.00000000,30.11126583,21079,169.48494925,169.00000000,19.88004547,28869,204.14572353,201.00000000,30.07572286,39273,235.27520063,236.00000000,36.45773067,61308,248.54339771,265.00000000,45.81330785,28066
112,921,132.69835769,131.00000000,9.60693612,13274,166.25539664,157.00000000,31.25087507,22514,169.44113150,169.00000000,19.84583714,28776,204.81320288,201.00000000,30.45577522,39658,234.73155108,236.00000000,35.69860799,61196,248.40196610,265.00000000,45.44014047,27669
113,922,132.98425905,131.00000000,10.21260648,13341,166.32497039,157.00000000,31.05561631,22799,169.40230207,169.00000000,19.79223587,28583,204.65352975,201.00000000,30.36936641,39507,234.64506027,236.00000000,35.72075936,61309,248.14763231,265.00000000,45.40693312,28002
114,923,133.42864568,131.00000000,11.31645940,13468,166.24672807,157.00000000,31.01705796,22693,169.30202312,169.00000000,19.73629455,28372,204.72790515,201.00000000,30.33398227,39387,234.58234547,236.00000000,35.73097912,61412,247.55068357,265.00000000,45.86735280,28234
115,924,133.01980420,131.00000000,10.20007514,13381,166.13308646,157.00000000,30.90977524,22414,169.33600085,169.00000000,19.71073564,28366,204.69142698,201.00000000,30.33998841,39391,234.45847635,236.00000000,35.70570627,61471,246.82329838,265.00000000,46.32894298,28517
116,925,132.76459129,131.00000000,9.55268500,13347,166.18465719,157.00000000,30.84037572,22447,169.33940871,169.00000000,19.67683852,28311,204.70672124,201.00000000,30.32216371,39338,235.41878238,236.00000000,37.38754298,62154,246.68774925,264.00000000,46.33662178,28586
117,926,132.79884713,131.00000000,9.53295677,13358,166.05649517,157.00000000,30.79920999,22586,169.33486938,169.00000000,19.63805766,28211,204.75522896,201.00000000,30.32013115,39396,234.88885664,236.00000000,36.57478779,62019,247.27173529,265.00000000,45.93057708,28318
118,927,132.85621501,131.00000000,9.54247521,13395,165.68695227,157.00000000,30.68605648,22479,169.36094000,169.00000000,19.59541839,28085,204.72382753,201.00000000,30.29871458,39660,234.36238584,235.00000000,35.76580040,61865,247.71821635,265.00000000,45.53291289,28167
119,928,133.17134954,132.00000000,9.76573258,13738,165.28932384,156.00000000,30.63244407,22480,169.55630574,169.00000000,19.54026104,27697,204.73373536,201.00000000,30.27702215,39964,234.30253878,235.00000000,35.75817670,61959,248.22593842,265.00000000,45.24560578,27866
120,929,133.38060404,132.00000000,9.77599817,13807,166.02771614,157.00000000,30.01315436,23885,169.61511092,169.00000000,19.50461046,27543,204.51293051,201.00000000,30.08298606,40795,234.30368819,235.00000000,35.77174053,62090,249.32624423,265.00000000,44.05370325,27507
121,930,133.56046244,132.00000000,9.78265380,13926,166.18781516,158.00000000,29.79656060,24194,169.71205128,170.00000000,19.42723385,27300,204.18741773,201.00000000,29.98532941,40263,234.27498634,235.00000000,35.77997937,62214,248.99365894,264.00000000,44.06864517,28071
122,931,133.77517896,132.00000000,9.87022198,14109,165.91452244,157.00000000,29.63352331,24018,169.78891313,170.00000000,19.39662030,27041,204.08960040,201.00000000,29.96141829,40290,235.28312056,236.00000000,37.44381785,62899,248.65969326,264.00000000,44.30438189,28298
123,932,133.87862612,132.00000000,9.90618445,14237,165.71954734,157.00000000,29.54342260,23594,169.83143262,170.00000000,19.33882384,26832,203.86270380,200.00000000,29.98968810,40358,235.51099892,236.00000000,37.85120350,63188,247.82016719,264.00000000,44.82550421,28710
124,933,133.96262332,132.00000000,9.91728292,14394,165.57413705,157.00000000,29.55531080,23524,169.89904984,170.00000000,19.27911446,26627,203.70203345,200.00000000,30.00521674,40424,235.50307823,236.00000000,37.89916857,63348,247.63248812,263.00000000,44.85169259,28829
125,934,134.05764997,133.00000000,9.93988428,14536,165.45764507,157.00000000,29.59325431,23610,169.96031476,170.00000000,19.22315611,26433,203.59327315,200.00000000,30.01596087,40435,235.00429938,236.00000000,37.14171009,63265,247.97826542,264.00000000,44.53289270,28664
126,935,134.15275872,133.00000000,9.95112941,14572,165.09096752,156.00000000,29.59747805,23338,169.96879638,170.00000000,19.17923774,26279,203.78007790,200.00000000,29.98721091,41592,234.20862430,235.00000000,35.89985370,63008,248.54969334,264.00000000,44.57740204,27881
127,936,134.25355385,133.00000000,9.96173418,14632,164.97964670,156.00000000,29.43761813,23436,169.96917598,170.00000000,19.13018994,26116,203.68410820,200.00000000,29.93498606,41663,234.16954387,235.00000000,35.87963504,63140,249.06662103,264.00000000,44.25823755,27754
128,937,134.35558277,133.00000000,9.96796162,14697,165.30570258,157.00000000,29.34947806,23428,169.97164541,170.00000000,19.07455231,25957,204.19008443,201.00000000,29.64668259,41571,234.21092775,235.00000000,35.91332498,63325,248.63915180,264.00000000,44.87195475,27682
129,938,134.85915114,133.00000000,10.96010812,14867,165.03395395,157.00000000,29.14992824,23149,169.89314226,170.00000000,19.02938875,25679,204.16106058,201.00000000,29.62954868,41562,234.37942471,236.00000000,36.02982672,63620,248.16620648,264.00000000,45.21515430,27887
130,939,134.62847879,133.00000000,9.99861728,14804,164.92024276,157.00000000,29.07906188,23233,169.99257957,170.00000000,18.96042249,25605,204.15309155,201.00000000,29.61627401,41387,234.72483221,236.00000000,36.27589914,64070,248.26937256,264.00000000,45.10380259,27939
131,940,134.77378393,133.00000000,10.00735866,14884,164.73765739,156.00000000,29.03215629,23111,169.97879539,170.00000000,18.90743432,25419,204.11441498,201.00000000,29.62306505,41332,234.65586622,236.00000000,36.21174157,64164,248.15720804,264.00000000,45.05673844,28052
132,941,134.92816939,134.00000000,10.03856473,14924,164.43338565,156.00000000,28.95936786,22938,170.00867602,170.00000000,18.85787810,25242,204.13893396,201.00000000,29.64750652,41293,234.91164391,236.00000000,36.34665408,64523,248.16775777,264.00000000,44.88534379,28106
133,942,135.24521611,134.00000000,10.26045234,14946,164.30234382,156.00000000,28.95674015,22954,169.98344041,170.00000000,18.78931907,25061,204.24255909,201.00000000,29.64170811,41124,235.07454461,236.00000000,36.41324153,64780,248.42260145,264.00000000,44.55113821,28069
134,943,135.65877949,134.00000000,10.74205862,14961,163.80583078,155.00000000,28.74081904,22810,169.89867983,170.00000000,18.78834993,24921,204.32163629,201.00000000,29.61063126,41264,235.43916691,236.00000000,36.57443716,65203,248.55682182,264.00000000,44.26075614,28079
135,944,135.92688773,134.00000000,11.02842525,15018,163.22683971,155.00000000,28.55263394,22884,169.85064201,170.00000000,18.78584681,24766,204.50202566,201.00000000,29.47391643,41468,236.19721040,237.00000000,37.00048604,66031,248.81846837,264.00000000,44.07287321,27918
136,945,136.12827988,134.00000000,11.26869754,15092,164.59767504,156.00000000,28.97799591,22452,170.31707908,170.00000000,19.72450873,24773,204.79750293,201.00000000,29.55359132,41008,236.58052169,237.00000000,37.20360339,66361,249.28935110,264.00000000,43.87551139,27693
137,946,136.88090094,135.00000000,12.32359678,15273,164.46445603,156.00000000,28.98352922,22437,170.89450442,170.00000000,20.61202886,24456,204.70925142,201.00000000,29.51568017,40891,238.99834750,239.00000000,40.54549000,67776,248.65500999,264.00000000,44.06849371,28024
138,947,138.00482325,135.00000000,13.73800315,15757,164.28386606,156.00000000,28.99000680,22338,170.83234582,170.00000000,20.72103667,23966,204.58808119,201.00000000,29.48194318,40843,240.93331789,240.00000000,42.69780724,69074,247.89968630,263.00000000,44.40229972,28371
139,948,139.88256313,136.00000000,16.27989319,16792,164.53150235,156.00000000,29.16868129,22538,171.41585224,171.00000000,21.39637976,23227,204.59898027,201.00000000,29.53641753,40599,241.53981968,240.00000000,43.08495330,69212,247.94956945,263.00000000,44.17022909,28336
140,949,142.67801840,138.00000000,20.23648222,17824,163.87514214,155.00000000,28.70233569,21985,172.49332027,171.00000000,23.20245252,22456,204.65885684,201.00000000,29.49932904,40974,245.71399399,243.00000000,47.40774998,71495,247.61546305,263.00000000,44.25616682,28442
141,950,146.00362882,140.00000000,21.26007999,11574,163.26213815,155.00000000,28.35028368,21832,166.83692438,165.00000000,24.64194504,11835,205.00151723,201.00000000,29.38155128,41523,240.05679563,237.00000000,47.49542462,52416,248.35615801,264.00000000,43.91977748,27923
