z,abs_crossline,overall_error,error_true_3,error_true_4,error_true_5,error_true_6,rate_3_to_2,rate_4_to_3,rate_5_to_4,rate_6_to_5,rate_6_to_8,mass_3_to_2,mass_4_to_3,mass_5_to_4,mass_6_to_5,mass_6_to_8
0,809,0.20780218,0.12008347,0.43666592,0.24040509,0.44480953,0.12008347,0.29777082,0.17303026,0.34267721,0.02839101,0.00631396,0.01327960,0.02323432,0.06657756,0.00551599
1,810,0.20797175,0.11830541,0.43070056,0.25849266,0.43500771,0.11805248,0.30867000,0.18381645,0.33272758,0.03005315,0.00620757,0.01356554,0.02477374,0.06452943,0.00582853
2,811,0.20750627,0.11582082,0.44713241,0.24982053,0.43212557,0.11556738,0.31388952,0.17667154,0.33398804,0.03077135,0.00606460,0.01384816,0.02372973,0.06445296,0.00593825
3,812,0.20422793,0.11392083,0.46026214,0.23596617,0.42583500,0.11360315,0.31631184,0.16289134,0.33552529,0.02692808,0.00594490,0.01388141,0.02190104,0.06429669,0.00516023
4,813,0.20294120,0.11102618,0.46191739,0.23203229,0.42582570,0.11083509,0.31906025,0.16204369,0.33671593,0.02716486,0.00578531,0.01399778,0.02175474,0.06453940,0.00520677
5,814,0.20217647,0.11276324,0.46952099,0.22708571,0.42601395,0.11250798,0.32528657,0.15865265,0.33877459,0.02841481,0.00586178,0.01424715,0.02128261,0.06493174,0.00544617
6,815,0.20061710,0.11338432,0.47262204,0.22252822,0.42568493,0.11325685,0.33028711,0.15548939,0.34040931,0.02978841,0.00590833,0.01442004,0.02083707,0.06531410,0.00571548
7,816,0.19827970,0.11336858,0.47261477,0.21773693,0.42512211,0.11330489,0.33144909,0.15175755,0.34300412,0.03065784,0.00591498,0.01442669,0.02031174,0.06584276,0.00588505
8,817,0.20715050,0.11559003,0.46408840,0.22451517,0.43839100,0.11559003,0.34085328,0.17098458,0.34600346,0.03705882,0.00604465,0.01476915,0.02286526,0.06649444,0.00712191
9,818,0.20771906,0.11494180,0.46788288,0.23519290,0.43388273,0.11481458,0.34025755,0.17731115,0.33868906,0.03863032,0.00600142,0.01475918,0.02363995,0.06518111,0.00743445
10,819,0.20610981,0.11453437,0.47323987,0.23624813,0.43228232,0.11447084,0.34497715,0.17862481,0.33707051,0.03898165,0.00599145,0.01480905,0.02383945,0.06497496,0.00751425
11,820,0.20474994,0.11224165,0.48058892,0.23159103,0.42978070,0.11211447,0.34567997,0.17213319,0.33783877,0.03875595,0.00586178,0.01483233,0.02292843,0.06515451,0.00747435
12,821,0.20324376,0.10521273,0.48566768,0.22964964,0.42938826,0.10514884,0.34692768,0.17133068,0.33606021,0.04047258,0.00547277,0.01484895,0.02277881,0.06487854,0.00781349
13,822,0.20425120,0.10432505,0.49595268,0.23366148,0.43058686,0.10426116,0.35530822,0.17376819,0.33609759,0.04328751,0.00542622,0.01517811,0.02306475,0.06495169,0.00836542
14,823,0.20646890,0.10382793,0.49976533,0.23179472,0.43329611,0.10382793,0.35974656,0.17025009,0.33811528,0.04657675,0.00539297,0.01529116,0.02258929,0.06543380,0.00901377
15,824,0.20813467,0.10902787,0.50160470,0.23064755,0.43837995,0.10902787,0.36610568,0.16641977,0.34467346,0.04586478,0.00564566,0.01555050,0.02203736,0.06666401,0.00887080
16,825,0.23902288,0.12447041,0.51089854,0.26843257,0.48059261,0.12447041,0.38042967,0.20431162,0.30682735,0.08669379,0.00644696,0.01613236,0.02700474,0.05942573,0.01679068
17,826,0.24104441,0.12618742,0.50816455,0.27811799,0.47741869,0.12618742,0.38687392,0.21158741,0.29127314,0.09406876,0.00653673,0.01638505,0.02791576,0.05639675,0.01821374
18,827,0.24174264,0.12368082,0.51746107,0.27794043,0.47527930,0.12368082,0.39468303,0.21168602,0.28815363,0.09378593,0.00639043,0.01668429,0.02788584,0.05582820,0.01817051
19,828,0.24135363,0.12167814,0.52690123,0.27297776,0.47253237,0.12167814,0.39744399,0.20682508,0.28836292,0.09217048,0.00628736,0.01675079,0.02720423,0.05590134,0.01786795
20,829,0.23969451,0.11880805,0.52965300,0.27103396,0.47164215,0.11874355,0.39921136,0.20514445,0.28695607,0.09338888,0.00612112,0.01683058,0.02691497,0.05564865,0.01811067
21,830,0.23968453,0.11944731,0.53188976,0.27295159,0.47196694,0.11938275,0.39984252,0.20620183,0.28775461,0.09394074,0.00614772,0.01688378,0.02695154,0.05580160,0.01821706
22,831,0.23953159,0.11666127,0.53843755,0.26837134,0.47224080,0.11659657,0.39544675,0.20184801,0.29458880,0.09235915,0.00599145,0.01686383,0.02622007,0.05710828,0.01790452
23,832,0.23919910,0.11724989,0.54458427,0.26288261,0.47504203,0.11718496,0.39218714,0.19486241,0.30609969,0.08851076,0.00600142,0.01689043,0.02514613,0.05933263,0.01715642
24,833,0.24553966,0.13750243,0.54993535,0.29576879,0.49744443,0.13064025,0.35924546,0.22242437,0.30445595,0.10988954,0.00670962,0.01570345,0.02845439,0.05902009,0.02130256
25,834,0.24678317,0.13427425,0.56032347,0.30629104,0.49488816,0.12877120,0.34889990,0.23120102,0.29295320,0.10762316,0.00661320,0.01592289,0.02903292,0.05678244,0.02086035
26,835,0.24734840,0.13034451,0.57704638,0.30659494,0.49395421,0.12418089,0.34608535,0.23044805,0.29103850,0.10503387,0.00636384,0.01615231,0.02862729,0.05642003,0.02036161
27,836,0.24798346,0.12960684,0.58676439,0.30567534,0.49326893,0.12215817,0.34748868,0.22730803,0.29142260,0.10326106,0.00627074,0.01607916,0.02821833,0.05657297,0.02004575
28,837,0.24781056,0.13225493,0.58888161,0.30491163,0.49240127,0.12306697,0.35181547,0.22531483,0.29240127,0.10302407,0.00632394,0.01607583,0.02801883,0.05674254,0.01999255
29,838,0.24768422,0.13500065,0.58861982,0.30602794,0.49120704,0.12504847,0.36547318,0.22509647,0.29382352,0.10191955,0.00643366,0.01635845,0.02812190,0.05705176,0.01978973
30,839,0.24814637,0.13788868,0.59156294,0.30250713,0.49039136,0.12696360,0.36975479,0.22076573,0.29927957,0.09908106,0.00653008,0.01649477,0.02755002,0.05814897,0.01925110
31,840,0.24905739,0.14048730,0.59238396,0.29974160,0.49384173,0.12856402,0.37727204,0.21790671,0.30782784,0.09589791,0.00659658,0.01670091,0.02719758,0.05983136,0.01863932
32,841,0.25223266,0.15898035,0.57872018,0.32510990,0.48594920,0.15885062,0.37652404,0.22991874,0.32245051,0.08061263,0.00814265,0.01653134,0.02869378,0.06272069,0.01568017
33,842,0.25088941,0.15883727,0.56874413,0.33198701,0.48367096,0.15883727,0.38944566,0.24941263,0.31305298,0.07973218,0.00813933,0.01653799,0.03141354,0.06093855,0.01552058
34,843,0.24953950,0.15583654,0.57275986,0.32889649,0.48362209,0.15583654,0.40015930,0.25019071,0.31125715,0.08049842,0.00794981,0.01670424,0.03162301,0.06062933,0.01568017
35,844,0.24796683,0.15340427,0.57901105,0.32228931,0.48143850,0.15333899,0.40566266,0.24376477,0.31106522,0.08059533,0.00781016,0.01672086,0.03087159,0.06059609,0.01570012
36,845,0.24616142,0.15335860,0.57484390,0.31816518,0.48020199,0.15296654,0.41431153,0.24010147,0.31171844,0.07995974,0.00778356,0.01676741,0.03052580,0.06075236,0.01558375
37,846,0.24538672,0.15606861,0.57373788,0.31897634,0.47938944,0.15593817,0.42211722,0.24144337,0.31117933,0.08024218,0.00794981,0.01693033,0.03067874,0.06066591,0.01564360
38,847,0.24352146,0.15505397,0.57460028,0.31463210,0.47709566,0.15472686,0.42407423,0.23758791,0.31389263,0.07932557,0.00786336,0.01702010,0.03010354,0.06121784,0.01547070
39,848,0.24257719,0.15544756,0.57442053,0.31111170,0.47952469,0.15538189,0.42971854,0.23765660,0.32134820,0.07746863,0.00786669,0.01725949,0.03002374,0.06267082,0.01510829
40,849,0.24502098,0.19554391,0.67647548,0.34020999,0.50755261,0.19554391,0.43591022,0.23434285,0.31639511,0.10168024,0.00992147,0.01743571,0.02953498,0.06198256,0.01991940
41,850,0.24360790,0.21391282,0.65132729,0.35270918,0.50545294,0.21391282,0.43996006,0.25310358,0.30770535,0.10339388,0.01089898,0.01757868,0.03179258,0.06032012,0.02026852
42,851,0.24217488,0.21860526,0.65748853,0.34964552,0.50570805,0.21860526,0.44113475,0.25227689,0.30630676,0.10413178,0.01114170,0.01757868,0.03158976,0.06021705,0.02047134
43,852,0.24072522,0.22287162,0.67172056,0.34328477,0.50072221,0.22287162,0.44404423,0.24362833,0.30835896,0.10173841,0.01141102,0.01762523,0.03041608,0.06033342,0.01990611
44,853,0.24143675,0.22479714,0.67392035,0.34122362,0.50091631,0.22479714,0.44421106,0.24143735,0.30631915,0.10130320,0.01151409,0.01757868,0.03004701,0.06002088,0.01984958
45,854,0.24193881,0.22396402,0.67221085,0.34192684,0.50244845,0.22396402,0.44037871,0.24311939,0.30520020,0.10129285,0.01159056,0.01716640,0.03016339,0.05988788,0.01987618
46,855,0.24204188,0.22570132,0.66666667,0.33559231,0.50447605,0.22570132,0.44319249,0.23471830,0.30705696,0.10193568,0.01174350,0.01726282,0.02901962,0.06044314,0.02006570
47,856,0.24151322,0.23370672,0.65480457,0.32685088,0.50591221,0.23370672,0.44256699,0.22561651,0.31272943,0.10266430,0.01220899,0.01724287,0.02777279,0.06146721,0.02017875
48,857,0.25787832,0.27233310,0.71072128,0.38129925,0.53532673,0.27233310,0.45891169,0.26659265,0.29054123,0.10506744,0.01420060,0.01791782,0.03273352,0.05715150,0.02066750
49,858,0.25809777,0.27486911,0.68510964,0.39322853,0.53473499,0.27486911,0.46710862,0.27813527,0.28515262,0.10362283,0.01431364,0.01827359,0.03406015,0.05618728,0.02041814
50,859,0.25824738,0.27078279,0.68677159,0.39145937,0.53551148,0.27078279,0.47222459,0.27537967,0.28557467,0.10398167,0.01410085,0.01845645,0.03364122,0.05635020,0.02051788
51,860,0.25774533,0.26309670,0.69587629,0.38433192,0.53420026,0.26309670,0.47693088,0.26390064,0.28584887,0.10458583,0.01354227,0.01876567,0.03214502,0.05649650,0.02067083
52,861,0.25744941,0.25751989,0.69676550,0.37995236,0.53382852,0.25751989,0.48062668,0.26011007,0.28681141,0.10477935,0.01323638,0.01897181,0.03158644,0.05674587,0.02073068
53,862,0.25769878,0.25886846,0.70225665,0.38092102,0.53337369,0.25880373,0.49309532,0.26211647,0.28791013,0.10525873,0.01329290,0.01947054,0.03175601,0.05692208,0.02081047
54,863,0.25695068,0.25365378,0.70580320,0.37518898,0.53478188,0.25365378,0.49915896,0.25627422,0.29119128,0.10484899,0.01298369,0.01973321,0.03099793,0.05770343,0.02077723
55,864,0.25575039,0.25092563,0.70803352,0.36890529,0.53775103,0.25092563,0.50241260,0.25028924,0.29689543,0.10493848,0.01284404,0.01973321,0.03020993,0.05888709,0.02081380
56,865,0.27002414,0.27063091,0.72735043,0.41522386,0.55031204,0.27063091,0.52307692,0.30968791,0.29682257,0.10525433,0.01389138,0.02034832,0.03734847,0.05882725,0.02086035
57,866,0.27014383,0.26814672,0.71606119,0.42765007,0.55020518,0.26782497,0.51903355,0.32839976,0.29538565,0.10548530,0.01383818,0.01985623,0.03961604,0.05863773,0.02094015
58,867,0.26832180,0.26217663,0.72443553,0.42581782,0.54861344,0.26198310,0.52427862,0.32583434,0.29599476,0.10523400,0.01350237,0.01999588,0.03934340,0.05862775,0.02084372
59,868,0.26545574,0.25443291,0.72858898,0.41928727,0.54683175,0.25436843,0.52729028,0.31717333,0.29719664,0.10535675,0.01311668,0.01997925,0.03826281,0.05890039,0.02088030
60,869,0.26373013,0.25117628,0.72979398,0.41698160,0.54771603,0.25117628,0.52914245,0.31549474,0.29702456,0.10445059,0.01295709,0.01998258,0.03802675,0.05891369,0.02071738
61,870,0.26250657,0.24709077,0.73209855,0.41633801,0.54971769,0.24709077,0.53278979,0.31437712,0.29726741,0.10302076,0.01270772,0.01998923,0.03790040,0.05899349,0.02044474
62,871,0.26115666,0.24143119,0.74540070,0.40983516,0.55082050,0.24130037,0.54240330,0.30644762,0.30001674,0.10117214,0.01226551,0.02009562,0.03702595,0.05957202,0.02008897
63,872,0.26083415,0.23879136,0.74708729,0.40611558,0.55460174,0.23859558,0.54221187,0.30404213,0.30503681,0.10061914,0.01215579,0.02011557,0.03666354,0.06060939,0.01999255
64,873,0.27229836,0.23361432,0.72170320,0.43286750,0.57251934,0.23354898,0.55515631,0.34102373,0.27397123,0.11788883,0.01188315,0.02054781,0.04113552,0.05452152,0.02346041
65,874,0.27206894,0.23753435,0.71155572,0.43974589,0.56924465,0.23720717,0.55652252,0.35006215,0.26665330,0.11880775,0.01205272,0.02062428,0.04213963,0.05306521,0.02364328
66,875,0.27034998,0.23496586,0.71780797,0.43943701,0.56730062,0.23463761,0.55592549,0.34930316,0.26582659,0.11962698,0.01188315,0.02054116,0.04208311,0.05288567,0.02379955
67,876,0.26652636,0.23087476,0.73129374,0.43313970,0.56404003,0.23041746,0.55903463,0.34163209,0.26509748,0.11974407,0.01172688,0.02071738,0.04106237,0.05276265,0.02383280
68,877,0.26438845,0.23142334,0.73388829,0.43053363,0.56310631,0.23142334,0.56203008,0.33853950,0.26438029,0.11918318,0.01176345,0.02087697,0.04064676,0.05264628,0.02373305
69,878,0.26217075,0.23621841,0.73954610,0.43045149,0.56269640,0.23621841,0.57094353,0.33672482,0.26409039,0.11790466,0.01199620,0.02124604,0.04049381,0.05253323,0.02345376
70,879,0.25772538,0.23473195,0.73864954,0.42574093,0.56051297,0.23473195,0.57568460,0.32824659,0.26614321,0.11643870,0.01192305,0.02145883,0.03954954,0.05285575,0.02312460
71,880,0.25481610,0.23243633,0.73530199,0.42345349,0.56451802,0.23243633,0.57543046,0.32160291,0.27177829,0.11489419,0.01180335,0.02144553,0.03877152,0.05392969,0.02279876
72,881,0.26241679,0.25112930,0.74339522,0.43847943,0.55362969,0.25112930,0.54221707,0.30577551,0.25492296,0.11209449,0.01275427,0.02019870,0.03672006,0.05066132,0.02227675
73,882,0.25945099,0.25468116,0.72341376,0.44109977,0.55137656,0.25468116,0.53208222,0.31597492,0.25070625,0.11054277,0.01293381,0.01979638,0.03786715,0.04986667,0.02198749
74,883,0.25717345,0.24656544,0.72575730,0.44136206,0.55099928,0.24656544,0.53791002,0.31830438,0.25134824,0.10892759,0.01247166,0.01995598,0.03807329,0.05005287,0.02169157
75,884,0.25446366,0.24192174,0.73417607,0.43849731,0.54700113,0.24192174,0.54239278,0.31407168,0.25120088,0.10802922,0.01227216,0.01997260,0.03749809,0.05007614,0.02153530
76,885,0.25301069,0.24368373,0.73388116,0.43718242,0.54542425,0.24322555,0.54415749,0.31358535,0.25014997,0.10826168,0.01235528,0.02003578,0.03734514,0.04991322,0.02160180
77,886,0.25247205,0.24537067,0.73295968,0.43736873,0.54664580,0.24537067,0.54773097,0.31440253,0.24917165,0.10811036,0.01246833,0.02014550,0.03732852,0.04975695,0.02158850
78,887,0.25167741,0.24631992,0.73219758,0.43130972,0.54721630,0.24631992,0.54921579,0.31076447,0.25164824,0.10703583,0.01251820,0.02025854,0.03676329,0.05025568,0.02137571
79,888,0.25189352,0.24968887,0.72275627,0.42548511,0.55228154,0.24968887,0.54999551,0.30928475,0.25680467,0.10369741,0.01267447,0.02035497,0.03646072,0.05128972,0.02071073
80,889,0.26521635,0.32902506,0.68140013,0.44081725,0.54561488,0.32738486,0.47888204,0.30624274,0.26640156,0.10036439,0.01659119,0.01783137,0.03593207,0.05323478,0.02005573
81,890,0.26439510,0.33638624,0.68443346,0.44444128,0.54236725,0.33553578,0.47043770,0.31741325,0.26299262,0.09912275,0.01705335,0.01772498,0.03701265,0.05262965,0.01983628
82,891,0.26286565,0.33636067,0.69688804,0.44285920,0.54080194,0.33538059,0.46470793,0.31776212,0.26388958,0.09960351,0.01706665,0.01777485,0.03673004,0.05288900,0.01996263
83,892,0.25944102,0.33339882,0.70538046,0.43632845,0.53822716,0.33163065,0.46674212,0.31375097,0.26344202,0.10084618,0.01683723,0.01782473,0.03611826,0.05289565,0.02024857
84,893,0.25686756,0.33669460,0.70964943,0.43345235,0.53795008,0.33414091,0.46910795,0.31254899,0.26357487,0.10269430,0.01696690,0.01797435,0.03579907,0.05298542,0.02064423
85,894,0.25640872,0.34279932,0.71342253,0.43383273,0.54112389,0.34031858,0.47207596,0.31083636,0.26574526,0.10368286,0.01733264,0.01818381,0.03552643,0.05338108,0.02082710
86,895,0.25501892,0.34495114,0.71716476,0.42847974,0.54234959,0.34221498,0.47877013,0.30489833,0.26997450,0.10373829,0.01746564,0.01848305,0.03474841,0.05421895,0.02083375
87,896,0.25486265,0.34570796,0.71280691,0.42491498,0.54724325,0.34173505,0.47146890,0.29907939,0.27618874,0.10387718,0.01744569,0.01832346,0.03391718,0.05544583,0.02085370
88,897,0.26609412,0.37429479,0.65435446,0.43096420,0.56982871,0.37124700,0.43586920,0.32426445,0.30704812,0.12895393,0.01903498,0.01710655,0.03649730,0.06180635,0.02595740
89,898,0.26575498,0.37391078,0.66348808,0.43626079,0.56835305,0.37098452,0.42810540,0.32997916,0.30700218,0.13027890,0.01896849,0.01701678,0.03685306,0.06177975,0.02621674
90,899,0.26372015,0.36538462,0.66843238,0.43316898,0.56747393,0.36021716,0.42211554,0.32753623,0.30904382,0.12950376,0.01831016,0.01695693,0.03644410,0.06228513,0.02610037
91,900,0.26171192,0.35810634,0.67723697,0.42975355,0.56586896,0.35083814,0.41879712,0.32191187,0.31242779,0.12809044,0.01781475,0.01699350,0.03582899,0.06294013,0.02580446
92,901,0.25965714,0.35665205,0.68079395,0.42298237,0.56252356,0.34735947,0.41682258,0.32345889,0.31228185,0.12688243,0.01764851,0.01703673,0.03543333,0.06336239,0.02574461
93,902,0.25924818,0.35940263,0.68381877,0.42261215,0.56295884,0.34964302,0.41917476,0.32407690,0.31159764,0.12727481,0.01774825,0.01722625,0.03531031,0.06336239,0.02588093
94,903,0.25828728,0.36031434,0.68368086,0.41848827,0.56337522,0.35186640,0.41784075,0.32091981,0.31354660,0.12738698,0.01786462,0.01725617,0.03475506,0.06387443,0.02595075
95,904,0.25853998,0.36813940,0.67556732,0.41556838,0.56620342,0.35985120,0.41263732,0.31886787,0.31817071,0.12707929,0.01833343,0.01710987,0.03434942,0.06493174,0.02593413
96,905,0.27360172,0.38165545,0.66533833,0.44089724,0.58844847,0.37786634,0.43556229,0.35892901,0.33307331,0.13462695,0.01923115,0.01817051,0.03846563,0.06814358,0.02754337
97,906,0.27170986,0.38778964,0.65828826,0.44071658,0.58630923,0.38225722,0.42920776,0.36172404,0.33145211,0.13431287,0.01952707,0.01794110,0.03853545,0.06795406,0.02753672
98,907,0.27079884,0.38708212,0.65948310,0.43913071,0.58599757,0.38111003,0.43053678,0.35872428,0.33104006,0.13440712,0.01952042,0.01800094,0.03803340,0.06799396,0.02760655
99,908,0.27006071,0.38536459,0.66677198,0.43591690,0.58584048,0.37822219,0.42958692,0.35619644,0.33212215,0.13511942,0.01936747,0.01808407,0.03745154,0.06837965,0.02781934
100,909,0.26867423,0.38283184,0.66455349,0.43424239,0.58636481,0.37488602,0.42693903,0.35351090,0.33138222,0.13654541,0.01913806,0.01813726,0.03689296,0.06832978,0.02815515
101,910,0.26853459,0.37321500,0.66648497,0.43459307,0.58848247,0.36527426,0.42913876,0.35301471,0.33037640,0.13859999,0.01820044,0.01832346,0.03661699,0.06823003,0.02862396
102,911,0.26767677,0.37094188,0.66648649,0.43027837,0.58866321,0.36653307,0.42216216,0.34922173,0.33138056,0.13969807,0.01824366,0.01817716,0.03595534,0.06845945,0.02886003
103,912,0.26833842,0.37391652,0.66391437,0.42647442,0.59051939,0.36818242,0.41529052,0.34562557,0.33499011,0.14080973,0.01836003,0.01806079,0.03530699,0.06924412,0.02910607
104,913,0.27575625,0.37844175,0.67630727,0.44191314,0.58977901,0.37093857,0.44393028,0.38502446,0.34719902,0.10429783,0.01840991,0.01913806,0.03899761,0.07187743,0.02159182
105,914,0.27514114,0.37924339,0.66980179,0.44723602,0.58724978,0.37248075,0.44430626,0.39126574,0.34481872,0.10100490,0.01849635,0.01900506,0.03955952,0.07130555,0.02088695
106,915,0.27344545,0.37422444,0.66715554,0.44188692,0.58311522,0.36970596,0.44253184,0.39534962,0.34837671,0.09647055,0.01822704,0.01906158,0.03929020,0.07124903,0.01972989
107,916,0.27220859,0.37108612,0.67408476,0.44113168,0.57487780,0.36664198,0.43384475,0.39591864,0.35209599,0.09134449,0.01810402,0.01899176,0.03889787,0.07112933,0.01845313
108,917,0.27189605,0.36730318,0.66965711,0.44106632,0.57485168,0.36321608,0.43024405,0.39588724,0.35294990,0.09195781,0.01802422,0.01881554,0.03866180,0.07120913,0.01855288
109,918,0.27189938,0.36885739,0.66337461,0.43805098,0.57832336,0.36638363,0.43265213,0.39424588,0.35321976,0.09557324,0.01822039,0.01893524,0.03836256,0.07141860,0.01932425
110,919,0.27089858,0.36569167,0.65897474,0.43525440,0.57933604,0.36414866,0.42926939,0.39136725,0.35672908,0.09568899,0.01804749,0.01898844,0.03777405,0.07227642,0.01938742
111,920,0.27190935,0.36900639,0.65425891,0.43316360,0.58339858,0.36680874,0.42769231,0.38979528,0.36001827,0.09638220,0.01831348,0.01894854,0.03741497,0.07338693,0.01964676
112,921,0.28172442,0.38819917,0.63409673,0.43935919,0.58374730,0.37965559,0.41223444,0.38546011,0.36948493,0.05747108,0.01891196,0.01819379,0.03687966,0.07517905,0.01169363
113,922,0.27929393,0.39044492,0.63975714,0.44334045,0.57856106,0.38039400,0.40784049,0.39299584,0.36914645,0.05446182,0.01887539,0.01809072,0.03734847,0.07524887,0.01110180
114,923,0.27877857,0.38688194,0.64642115,0.44519244,0.57684166,0.37551295,0.40369765,0.39468490,0.36755032,0.05606396,0.01855953,0.01807742,0.03723210,0.07504937,0.01144759
115,924,0.27763481,0.38012490,0.64883043,0.44186702,0.57417319,0.36885691,0.40826545,0.39043221,0.36731142,0.05726277,0.01806744,0.01816386,0.03682314,0.07507265,0.01170361
116,925,0.27857243,0.37532397,0.64883494,0.44187772,0.57767803,0.36584368,0.41170300,0.39037830,0.36370950,0.06117064,0.01783470,0.01827026,0.03674666,0.07516242,0.01264122
117,926,0.27929725,0.37529804,0.64575535,0.44131722,0.57967720,0.36473874,0.41286121,0.39158484,0.36585562,0.06098131,0.01780145,0.01833676,0.03673004,0.07544171,0.01257473
118,927,0.27729234,0.36894733,0.64180664,0.43770696,0.58016649,0.35730429,0.41276596,0.38832117,0.37017700,0.05883779,0.01734594,0.01838331,0.03626123,0.07614326,0.01210259
119,928,0.27623835,0.36595128,0.62170622,0.42910785,0.58428961,0.35449589,0.40282428,0.38025779,0.37394083,0.06049162,0.01707995,0.01839993,0.03501772,0.07703433,0.01246168
120,929,0.28479329,0.37776096,0.63083943,0.44541263,0.59170559,0.37418289,0.39624828,0.40634644,0.39350942,0.04994363,0.01808074,0.01819046,0.03721215,0.08123699,0.01031048
121,930,0.28252572,0.37353549,0.62774666,0.44831502,0.58256984,0.37002068,0.38891282,0.41509158,0.38775838,0.05079243,0.01785132,0.01800759,0.03767763,0.08020960,0.01050665
122,931,0.28179092,0.37254228,0.62059678,0.44447321,0.58436541,0.36827994,0.38067900,0.41056174,0.38399657,0.05542218,0.01781143,0.01785797,0.03691291,0.08030602,0.01159056
123,932,0.28107607,0.37153230,0.62358643,0.43917710,0.58113882,0.36605247,0.37922315,0.40440519,0.38250934,0.05727353,0.01776820,0.01795107,0.03607836,0.08036255,0.01203277
124,933,0.28115254,0.37549569,0.61574267,0.43561047,0.57998674,0.37016272,0.37758788,0.40045818,0.38226937,0.05783924,0.01800094,0.01807077,0.03545328,0.08051549,0.01218239
125,934,0.28078680,0.37329455,0.60422400,0.43207354,0.58073184,0.36934691,0.37369290,0.39757122,0.38270766,0.05807318,0.01773163,0.01806079,0.03494125,0.08050219,0.01221564
126,935,0.28557797,0.38578503,0.59566292,0.42988698,0.59217877,0.38299505,0.37352457,0.39343202,0.40404393,0.05938928,0.01825696,0.01809737,0.03437602,0.08464500,0.01244173
127,936,0.28577746,0.38859168,0.59117004,0.43080870,0.59353817,0.38574307,0.36919081,0.39772553,0.40598670,0.06110231,0.01845978,0.01796105,0.03453561,0.08523018,0.01282742
128,937,0.29628411,0.41249387,0.60672246,0.45351928,0.60175286,0.40969256,0.35891679,0.41010132,0.41575997,0.06368733,0.01945060,0.01753878,0.03539343,0.08753765,0.01340927
129,938,0.29674959,0.41446767,0.60960517,0.45418435,0.60158755,0.41123074,0.35118047,0.40979010,0.41457089,0.06469664,0.01943065,0.01735924,0.03498780,0.08769392,0.01368524
130,939,0.29606466,0.40976163,0.59814915,0.45202109,0.60343374,0.40664018,0.34774385,0.40835774,0.41055096,0.06539722,0.01905826,0.01711652,0.03476503,0.08745786,0.01393128
131,940,0.29459506,0.40647865,0.59251545,0.44875880,0.60267440,0.40399233,0.34083580,0.40453991,0.40960663,0.06653264,0.01890864,0.01686716,0.03418982,0.08738471,0.01419395
132,941,0.29410298,0.40729937,0.58670598,0.44429918,0.60401717,0.40317302,0.33697400,0.40044370,0.40670769,0.06800676,0.01884214,0.01672086,0.03360797,0.08725171,0.01458961
133,942,0.29334823,0.40639626,0.58069049,0.44295918,0.60535659,0.40001418,0.33099157,0.39950521,0.40341155,0.06891016,0.01875569,0.01644822,0.03328878,0.08688930,0.01484230
134,943,0.29408968,0.40477536,0.57536261,0.44099354,0.60676656,0.39778186,0.32711717,0.39701457,0.40228210,0.06763492,0.01872244,0.01627200,0.03289644,0.08721182,0.01466276
135,944,0.29664652,0.40472211,0.56239180,0.44137123,0.61293938,0.39316061,0.32128113,0.39647097,0.40100862,0.06565098,0.01876899,0.01604259,0.03264708,0.08803971,0.01441339
136,945,0.31495003,0.43262852,0.58289160,0.45440601,0.61992737,0.42095080,0.32460906,0.39930570,0.39823089,0.06075858,0.02025522,0.01628863,0.03288979,0.08786682,0.01340595
137,946,0.32357146,0.43825848,0.56701368,0.45019627,0.62715415,0.42296880,0.32298828,0.38939320,0.38786591,0.06242623,0.02051123,0.01640167,0.03166291,0.08740466,0.01406760
138,947,0.32542675,0.43038771,0.55752999,0.44629892,0.63191650,0.41606706,0.31516152,0.37757657,0.37879665,0.06563975,0.01980303,0.01651139,0.03008691,0.08699570,0.01507504
139,948,0.32737181,0.43410575,0.54710576,0.43638869,0.63458649,0.41939881,0.29954740,0.36199251,0.37373577,0.06587008,0.01943730,0.01672419,0.02795566,0.08600488,0.01515816
140,949,0.34517658,0.43095622,0.55559919,0.43088707,0.64847891,0.40774638,0.28220377,0.34690061,0.36313029,0.08255123,0.01851630,0.01672419,0.02590088,0.08632075,0.01962349
141,950,0.56021372,0.45710657,0.45800933,0.68829742,0.69965278,0.39706731,0.26170727,0.56637093,0.41708639,0.07946047,0.01143429,0.01007109,0.02228673,0.07268870,0.01384816
