z,abs_crossline,iou_3,iou_4,iou_5,iou_6
0,809,0.69648131,0.34805841,0.50616265,0.51741627
1,810,0.69501072,0.33717179,0.50067463,0.52258024
2,811,0.69379537,0.33131605,0.50563110,0.52611416
3,812,0.69521436,0.33091787,0.51606006,0.53053307
4,813,0.69630295,0.33027864,0.51782643,0.53229982
5,814,0.69231152,0.32792116,0.52001067,0.53245792
6,815,0.69126416,0.32829241,0.52189264,0.53294097
7,816,0.69097136,0.33125420,0.52348971,0.53348979
8,817,0.68691358,0.32456548,0.51730715,0.53026986
9,818,0.68724686,0.31759539,0.51243149,0.53345489
10,819,0.68725964,0.31230197,0.51302776,0.53540464
11,820,0.68873649,0.31284421,0.51537727,0.53633106
12,821,0.69293559,0.31014615,0.51714065,0.53671575
13,822,0.69057236,0.30277245,0.51405575,0.53536072
14,823,0.68972313,0.30329618,0.51400020,0.53211912
15,824,0.68216902,0.30554756,0.51137369,0.52813657
16,825,0.66476580,0.26722070,0.50437045,0.49518822
17,826,0.66071342,0.26173964,0.50518500,0.49963880
18,827,0.65914811,0.25699564,0.50668603,0.50190414
19,828,0.66018572,0.25451999,0.50975701,0.50406477
20,829,0.66114983,0.25464327,0.51145052,0.50527955
21,830,0.66011617,0.25407069,0.50863112,0.50578922
22,831,0.66194725,0.25585617,0.50613546,0.50547844
23,832,0.65985635,0.25921694,0.50172743,0.50309875
24,833,0.65698506,0.24348792,0.47666461,0.46874100
25,834,0.65661674,0.23611111,0.46759829,0.47292175
26,835,0.65715546,0.22956461,0.46432476,0.47395306
27,836,0.65856408,0.22493840,0.46457116,0.47342145
28,837,0.65691893,0.22366494,0.46549563,0.47393259
29,838,0.65251304,0.22187500,0.46644247,0.47555257
30,839,0.64914330,0.22313612,0.46580193,0.47660964
31,840,0.64557578,0.22428400,0.46412303,0.47332555
32,841,0.63150205,0.22459526,0.44080184,0.47785740
33,842,0.63103583,0.21484573,0.44474322,0.48447016
34,843,0.63131215,0.21026224,0.44983602,0.48503311
35,844,0.63337566,0.20849313,0.45579589,0.48594095
36,845,0.63334637,0.20969245,0.46054654,0.48684190
37,846,0.63057356,0.20890550,0.46079212,0.48775266
38,847,0.63003073,0.21151707,0.46200382,0.48986632
39,848,0.62646142,0.21317797,0.46042216,0.48881595
40,849,0.59468101,0.16330298,0.44160751,0.45514439
41,850,0.58047417,0.16962189,0.43707662,0.46111998
42,851,0.57653061,0.16642342,0.43895839,0.46127622
43,852,0.57420469,0.16180174,0.44253616,0.46420615
44,853,0.57242834,0.16085713,0.44425627,0.46421920
45,854,0.57708662,0.15993841,0.44365752,0.46322033
46,855,0.57593041,0.16570483,0.44606135,0.46152757
47,856,0.57096789,0.17534353,0.44877820,0.46180116
48,857,0.52577747,0.13288218,0.42218855,0.43276557
49,858,0.52081996,0.14030902,0.41593151,0.43473394
50,859,0.52258065,0.14004793,0.41644627,0.43389158
51,860,0.52361500,0.13932871,0.42059037,0.43360947
52,861,0.52706984,0.14024153,0.42257884,0.43426532
53,862,0.52247524,0.13760897,0.42118824,0.43507644
54,863,0.52305731,0.13796095,0.42300964,0.43402783
55,864,0.52449175,0.13808151,0.42415715,0.43191216
56,865,0.49016194,0.11515414,0.39302920,0.42505788
57,866,0.49355553,0.11555603,0.38511897,0.42681182
58,867,0.49611764,0.11207630,0.38649170,0.42791897
59,868,0.50164859,0.11183426,0.39019964,0.42897980
60,869,0.50313975,0.11142173,0.39157017,0.42833783
61,870,0.50468019,0.11011547,0.39182759,0.42659640
62,871,0.50410780,0.10522997,0.39523055,0.42516602
63,872,0.50790333,0.10547955,0.39513126,0.42196294
64,873,0.51084589,0.11383010,0.39058792,0.41193328
65,874,0.49989275,0.11524124,0.38882819,0.41671920
66,875,0.49828957,0.11255069,0.38952173,0.41853510
67,876,0.50314116,0.10889721,0.39388755,0.42043789
68,877,0.50017027,0.10842846,0.39584978,0.42151556
69,878,0.49319354,0.10616214,0.39637490,0.42216091
70,879,0.49221118,0.10826190,0.39907949,0.42401874
71,880,0.49703214,0.11118606,0.39826634,0.41949802
72,881,0.49016583,0.11087971,0.39490235,0.42171817
73,882,0.48762101,0.11558427,0.39458994,0.42533836
74,883,0.49127770,0.11426438,0.39371914,0.42632255
75,884,0.49480214,0.11188386,0.39545374,0.42929173
76,885,0.49416243,0.11228805,0.39644831,0.43123617
77,886,0.49227420,0.11279976,0.39635036,0.43087051
78,887,0.49136276,0.11475030,0.39899826,0.43123761
79,888,0.49232819,0.11978884,0.40021219,0.42831661
80,889,0.45184236,0.13674165,0.38436666,0.42942055
81,890,0.44669514,0.13316948,0.38218909,0.43289798
82,891,0.44778028,0.12987448,0.38089713,0.43399865
83,892,0.45001989,0.12792984,0.38515127,0.43599124
84,893,0.44692491,0.12680967,0.38614645,0.43630230
85,894,0.44266116,0.12572424,0.38460170,0.43257708
86,895,0.43858501,0.12579002,0.38581979,0.43125478
87,896,0.43886244,0.12971406,0.38418599,0.42594266
88,897,0.43302069,0.14828814,0.36557038,0.41105166
89,898,0.43312790,0.14432805,0.36010954,0.41163773
90,899,0.43842921,0.14435516,0.36084690,0.41176655
91,900,0.44470151,0.14350772,0.36208957,0.41184944
92,901,0.44538577,0.14331629,0.36330454,0.41720581
93,902,0.44223378,0.14232128,0.36277010,0.41722340
94,903,0.44227112,0.14418349,0.36333468,0.41687314
95,904,0.44013092,0.14959698,0.36206666,0.41448341
96,905,0.43365711,0.14519364,0.33934019,0.39557624
97,906,0.43048055,0.14794407,0.33898305,0.39816130
98,907,0.43090544,0.14833033,0.33916144,0.39809785
99,908,0.43217824,0.14703935,0.33863619,0.39774807
100,909,0.43334705,0.14949946,0.33847972,0.39724352
101,910,0.43449903,0.14921265,0.33733027,0.39513673
102,911,0.43637627,0.15158641,0.33807945,0.39481571
103,912,0.43645998,0.15542356,0.33741838,0.39303083
104,913,0.43353114,0.13856973,0.32254454,0.39506287
105,914,0.43452381,0.13871926,0.32018363,0.39720559
106,915,0.43587937,0.14097032,0.32019808,0.40102277
107,916,0.43849765,0.14070236,0.31799276,0.40813424
108,917,0.44266829,0.14293704,0.31682041,0.40819620
109,918,0.44097725,0.14606408,0.31851106,0.40507069
110,919,0.44244268,0.15081106,0.31765777,0.40403499
111,920,0.44143682,0.15461288,0.31604156,0.40012219
112,921,0.42986447,0.15702693,0.30846447,0.40183304
113,922,0.42710925,0.15337972,0.30493110,0.40707072
114,923,0.42921729,0.15166088,0.30260679,0.40822193
115,924,0.43207949,0.15111268,0.30490130,0.41020498
116,925,0.43434343,0.15067348,0.30475621,0.40701803
117,926,0.43412394,0.15160836,0.30399645,0.40560768
118,927,0.43734574,0.15439568,0.30396705,0.40545435
119,928,0.43821243,0.16753167,0.30496249,0.40202597
120,929,0.43166738,0.15637368,0.28786537,0.39459266
121,930,0.43754513,0.15739616,0.28686526,0.40379383
122,931,0.43890358,0.16333069,0.28717811,0.40186614
123,932,0.44015351,0.16503449,0.28859652,0.40450245
124,933,0.43613618,0.17077840,0.28887223,0.40578008
125,934,0.43321524,0.17760010,0.28949398,0.40555624
126,935,0.42436509,0.18402149,0.28327251,0.39415275
127,936,0.42383085,0.18643645,0.28092754,0.39343860
128,937,0.40844248,0.17869841,0.26592055,0.38333739
129,938,0.40509225,0.18018130,0.26333490,0.38311669
130,939,0.40708484,0.18539641,0.26493080,0.38149577
131,940,0.40992052,0.18994676,0.26568574,0.38209286
132,941,0.40838235,0.19461097,0.26714025,0.38089417
133,942,0.40925980,0.19811589,0.26730493,0.37995660
134,943,0.41088409,0.20220892,0.26660160,0.37905443
135,944,0.41694717,0.20976700,0.26403176,0.37370414
136,945,0.40047798,0.20144645,0.25860519,0.36642841
137,946,0.39427334,0.21265717,0.25907015,0.35828725
138,947,0.39471391,0.22401439,0.25747492,0.35302694
139,948,0.38311720,0.23971631,0.25802700,0.35001453
140,949,0.37671465,0.24840065,0.25231984,0.33596685
141,950,0.25101431,0.23119449,0.07427168,0.24371478
